{"cameraMode":{"drawMode":0,"name":"Shaded","section":"Shading Mode"},"sceneLighting":false,"audioPlay":false,"sceneViewState":{"showFog":true,"showMaterialUpdate":false,"showSkybox":true,"showFlares":true,"showImageEffects":true,"showParticleSystems":true},"in2DMode":false,"pivot":{"x":-2.786342144012451,"y":-2.5706825256347658,"z":3.857473373413086},"rotation":{"x":0.08970008790493012,"y":0.06270456314086914,"z":-0.005661888048052788,"w":0.993976891040802},"size":8.213543891906739,"orthographic":false}