{"cameraMode":{"drawMode":0,"name":"Shaded","section":"Shading Mode"},"sceneLighting":true,"audioPlay":false,"sceneViewState":{"showFog":true,"showMaterialUpdate":false,"showSkybox":true,"showFlares":true,"showImageEffects":true,"showParticleSystems":true},"in2DMode":false,"pivot":{"x":578.5756225585938,"y":188.5255889892578,"z":20.827552795410158},"rotation":{"x":-0.025497209280729295,"y":4.6587030055889047e-7,"z":-2.312342672894374e-7,"w":0.999674916267395},"size":1076.56591796875,"orthographic":true}