{"cameraMode":{"drawMode":0,"name":"Shaded","section":"Shading Mode"},"sceneLighting":false,"audioPlay":false,"sceneViewState":{"showFog":true,"showMaterialUpdate":false,"showSkybox":true,"showFlares":true,"showImageEffects":true,"showParticleSystems":true},"in2DMode":false,"pivot":{"x":-0.6927270889282227,"y":1.0624046325683594,"z":-0.7020330429077148},"rotation":{"x":0.21692799031734467,"y":0.31128883361816409,"z":-0.07321800291538239,"w":0.9223235249519348},"size":5.524176597595215,"orthographic":false}