{"cameraMode":{"drawMode":0,"name":"Shaded","section":"Shading Mode"},"sceneLighting":false,"audioPlay":false,"sceneViewState":{"showFog":true,"showMaterialUpdate":false,"showSkybox":true,"showFlares":true,"showImageEffects":true,"showParticleSystems":true},"in2DMode":false,"pivot":{"x":0.3466776907444,"y":-1.3932547569274903,"z":-5.2540812492370609},"rotation":{"x":0.5926948189735413,"y":0.013288365676999092,"z":-0.00978116225451231,"w":0.8052580952644348},"size":13.276655197143555,"orthographic":true}