{"cameraMode":{"drawMode":0,"name":"Shaded","section":"Shading Mode"},"sceneLighting":true,"audioPlay":false,"sceneViewState":{"showFog":true,"showMaterialUpdate":false,"showSkybox":true,"showFlares":true,"showImageEffects":true,"showParticleSystems":true},"in2DMode":false,"pivot":{"x":652.2742919921875,"y":196.51722717285157,"z":26.04751968383789},"rotation":{"x":-0.025497209280729295,"y":4.6587030055889047e-7,"z":-2.312342672894374e-7,"w":0.999674916267395},"size":513.6983032226563,"orthographic":true}