{"cameraMode":{"drawMode":0,"name":"Shaded","section":"Shading Mode"},"sceneLighting":false,"audioPlay":false,"sceneViewState":{"showFog":true,"showMaterialUpdate":false,"showSkybox":true,"showFlares":true,"showImageEffects":true,"showParticleSystems":true},"in2DMode":false,"pivot":{"x":-7.739639759063721,"y":1.8209882974624634,"z":4.035302639007568},"rotation":{"x":-0.15694724023342133,"y":-0.13025544583797456,"z":0.02088739164173603,"w":-0.978756844997406},"size":7.064445972442627,"orthographic":true}