{"cameraMode":{"drawMode":0,"name":"Shaded","section":"Shading Mode"},"sceneLighting":false,"audioPlay":false,"sceneViewState":{"showFog":true,"showMaterialUpdate":false,"showSkybox":true,"showFlares":true,"showImageEffects":true,"showParticleSystems":true},"in2DMode":false,"pivot":{"x":1440.0843505859375,"y":1091.3643798828125,"z":169.665771484375},"rotation":{"x":0.023984422907233239,"y":-0.033882856369018558,"z":0.0008130677742883563,"w":0.9991376996040344},"size":2798.14599609375,"orthographic":false}