{"cameraMode":{"drawMode":0,"name":"Shaded","section":"Shading Mode"},"sceneLighting":true,"audioPlay":false,"sceneViewState":{"showFog":true,"showMaterialUpdate":false,"showSkybox":true,"showFlares":true,"showImageEffects":true,"showParticleSystems":true},"in2DMode":false,"pivot":{"x":1.3725309371948243,"y":-1.7073266506195069,"z":4.457816123962402},"rotation":{"x":0.05820257589221001,"y":0.09479740262031555,"z":-0.0055576530285179619,"w":0.9937781691551209},"size":8.21196460723877,"orthographic":false}