{"cameraMode":{"drawMode":0,"name":"Shaded","section":"Shading Mode"},"sceneLighting":true,"audioPlay":false,"sceneViewState":{"showFog":true,"showMaterialUpdate":false,"showSkybox":true,"showFlares":true,"showImageEffects":true,"showParticleSystems":true},"in2DMode":false,"pivot":{"x":500.4137878417969,"y":245.65228271484376,"z":63.185791015625},"rotation":{"x":0.011990583501756192,"y":0.03958806395530701,"z":-0.000475598790217191,"w":0.9991440773010254},"size":631.2332153320313,"orthographic":true}