{"cameraMode":{"drawMode":0,"name":"Shaded","section":"Shading Mode"},"sceneLighting":false,"audioPlay":false,"sceneViewState":{"showFog":true,"showMaterialUpdate":false,"showSkybox":true,"showFlares":true,"showImageEffects":true,"showParticleSystems":true},"in2DMode":false,"pivot":{"x":-0.07843630015850067,"y":1.728888988494873,"z":2.688957929611206},"rotation":{"x":0.17162884771823884,"y":0.5295135378837586,"z":-0.11037540435791016,"w":0.8233931064605713},"size":7.542918682098389,"orthographic":false}