{"cameraMode":{"drawMode":0,"name":"Shaded","section":"Shading Mode"},"sceneLighting":true,"audioPlay":false,"sceneViewState":{"showFog":true,"showMaterialUpdate":false,"showSkybox":true,"showFlares":true,"showImageEffects":true,"showParticleSystems":true},"in2DMode":false,"pivot":{"x":365.5477294921875,"y":272.1384582519531,"z":124.14015197753906},"rotation":{"x":0.07933394610881806,"y":0.045441366732120517,"z":-0.003620327450335026,"w":0.9958053231239319},"size":779.5226440429688,"orthographic":true}