{"cameraMode":{"drawMode":0,"name":"Shaded","section":"Shading Mode"},"sceneLighting":false,"audioPlay":false,"sceneViewState":{"showFog":true,"showMaterialUpdate":false,"showSkybox":true,"showFlares":true,"showImageEffects":true,"showParticleSystems":true},"in2DMode":false,"pivot":{"x":843.4091186523438,"y":961.5084228515625,"z":-7.188445091247559},"rotation":{"x":0.05827357992529869,"y":0.08108814805746079,"z":-0.004741348791867495,"w":0.9949907064437866},"size":1825.1251220703125,"orthographic":false}