{"cameraMode":{"drawMode":0,"name":"Shaded","section":"Shading Mode"},"sceneLighting":false,"audioPlay":false,"sceneViewState":{"showFog":true,"showMaterialUpdate":false,"showSkybox":true,"showFlares":true,"showImageEffects":true,"showParticleSystems":true},"in2DMode":false,"pivot":{"x":-2.570579767227173,"y":2.467878580093384,"z":-3.230355739593506},"rotation":{"x":-0.27331918478012087,"y":-0.3129113018512726,"z":0.09453535825014115,"w":-0.9046801924705505},"size":5.879966735839844,"orthographic":true}