{"cameraMode":{"drawMode":0,"name":"Shaded","section":"Shading Mode"},"sceneLighting":true,"audioPlay":false,"sceneViewState":{"showFog":true,"showMaterialUpdate":false,"showSkybox":true,"showFlares":true,"showImageEffects":true,"showParticleSystems":true},"in2DMode":false,"pivot":{"x":365.5477294921875,"y":272.1384582519531,"z":124.14015197753906},"rotation":{"x":0.011990583501756192,"y":0.03958806395530701,"z":-0.000475598790217191,"w":0.9991440773010254},"size":848.6368408203125,"orthographic":true}