{"cameraMode":{"drawMode":0,"name":"Shaded","section":"Shading Mode"},"sceneLighting":false,"audioPlay":false,"sceneViewState":{"showFog":true,"showMaterialUpdate":false,"showSkybox":true,"showFlares":true,"showImageEffects":true,"showParticleSystems":true},"in2DMode":false,"pivot":{"x":-0.05858755111694336,"y":-0.8192753791809082,"z":1.9294219017028809},"rotation":{"x":-0.29092127084732058,"y":-0.6033242344856262,"z":0.2511706054210663,"w":-0.6987690329551697},"size":11.325960159301758,"orthographic":false}