{"cameraMode":{"drawMode":0,"name":"Shaded","section":"Shading Mode"},"sceneLighting":false,"audioPlay":false,"sceneViewState":{"showFog":true,"showMaterialUpdate":false,"showSkybox":true,"showFlares":true,"showImageEffects":true,"showParticleSystems":true},"in2DMode":false,"pivot":{"x":0.5352172255516052,"y":-0.8014371395111084,"z":-0.7040348052978516},"rotation":{"x":0.1898072510957718,"y":0.19730721414089204,"z":-0.03897015377879143,"w":0.9610018134117127},"size":29.97272300720215,"orthographic":false}