{"cameraMode":{"drawMode":0,"name":"Shaded","section":"Shading Mode"},"sceneLighting":false,"audioPlay":false,"sceneViewState":{"showFog":true,"showMaterialUpdate":false,"showSkybox":true,"showFlares":true,"showImageEffects":true,"showParticleSystems":true},"in2DMode":false,"pivot":{"x":-2.9912109375,"y":4.892578125,"z":0.3607177734375},"rotation":{"x":0.44708219170570376,"y":-8.21785079097026e-7,"z":-0.0000029469861146935729,"w":0.8944929838180542},"size":11.505560874938965,"orthographic":true}