{"cameraMode":{"drawMode":0,"name":"Shaded","section":"Shading Mode"},"sceneLighting":false,"audioPlay":false,"sceneViewState":{"showFog":true,"showMaterialUpdate":false,"showSkybox":true,"showFlares":true,"showImageEffects":true,"showParticleSystems":true},"in2DMode":false,"pivot":{"x":0.1611083745956421,"y":3.6266045570373537,"z":0.07889747619628906},"rotation":{"x":0.0913700982928276,"y":-0.008363683708012104,"z":0.0007669571787118912,"w":0.995781660079956},"size":10.092400550842286,"orthographic":false}