{"cameraMode":{"drawMode":0,"name":"Shaded","section":"Shading Mode"},"sceneLighting":false,"audioPlay":false,"sceneViewState":{"showFog":true,"showMaterialUpdate":false,"showSkybox":true,"showFlares":true,"showImageEffects":true,"showParticleSystems":true},"in2DMode":false,"pivot":{"x":-4.281005859375,"y":2.466796875,"z":1.0986328125},"rotation":{"x":0.5926948189735413,"y":0.013288365676999092,"z":-0.00978116225451231,"w":0.8052580952644348},"size":13.684161186218262,"orthographic":true}