{"cameraMode":{"drawMode":0,"name":"Shaded","section":"Shading Mode"},"sceneLighting":false,"audioPlay":false,"sceneViewState":{"showFog":true,"showMaterialUpdate":false,"showSkybox":true,"showFlares":true,"showImageEffects":true,"showParticleSystems":true},"in2DMode":false,"pivot":{"x":-6.991943359375,"y":1.68212890625,"z":-0.10400390625},"rotation":{"x":0.014997311867773533,"y":-0.017996598035097123,"z":0.0002683437487576157,"w":0.9997255802154541},"size":4.805456638336182,"orthographic":true}