{"cameraMode":{"drawMode":0,"name":"Shaded","section":"Shading Mode"},"sceneLighting":true,"audioPlay":false,"sceneViewState":{"showFog":true,"showMaterialUpdate":false,"showSkybox":true,"showFlares":true,"showImageEffects":true,"showParticleSystems":true},"in2DMode":false,"pivot":{"x":-0.10769349336624146,"y":1.6967358589172364,"z":5.432851791381836},"rotation":{"x":-0.2160705178976059,"y":0.01376373041421175,"z":-0.003047579200938344,"w":-0.9762760400772095},"size":8.099127769470215,"orthographic":true}