{"cameraMode":{"drawMode":0,"name":"Shaded","section":"Shading Mode"},"sceneLighting":false,"audioPlay":false,"sceneViewState":{"showFog":true,"showMaterialUpdate":false,"showSkybox":true,"showFlares":true,"showImageEffects":true,"showParticleSystems":true},"in2DMode":false,"pivot":{"x":0.1611083745956421,"y":3.6266045570373537,"z":0.07889747619628906},"rotation":{"x":0.03149328753352165,"y":0.011095156893134117,"z":-0.00034989952109754086,"w":0.9994423389434815},"size":10.092400550842286,"orthographic":false}