{"cameraMode":{"drawMode":0,"name":"Shaded","section":"Shading Mode"},"sceneLighting":false,"audioPlay":false,"sceneViewState":{"showFog":true,"showMaterialUpdate":false,"showSkybox":true,"showFlares":true,"showImageEffects":true,"showParticleSystems":true},"in2DMode":false,"pivot":{"x":1214.8988037109375,"y":607.2056274414063,"z":231.52108764648438},"rotation":{"x":0.026995662599802018,"y":-0.0026818066835403444,"z":0.00008081445412244648,"w":0.9996320009231567},"size":1551.1019287109375,"orthographic":false}