{"cameraMode":{"drawMode":0,"name":"Shaded","section":"Shading Mode"},"sceneLighting":true,"audioPlay":false,"sceneViewState":{"showFog":true,"showMaterialUpdate":false,"showSkybox":true,"showFlares":true,"showImageEffects":true,"showParticleSystems":true},"in2DMode":false,"pivot":{"x":1041.290283203125,"y":646.8449096679688,"z":-138.8094024658203},"rotation":{"x":-0.01799713261425495,"y":-0.011395206674933434,"z":-0.00020781018247362226,"w":0.9997730851173401},"size":569.3958740234375,"orthographic":false}