{"cameraMode":{"drawMode":0,"name":"Shaded","section":"Shading Mode"},"sceneLighting":false,"audioPlay":false,"sceneViewState":{"showFog":true,"showMaterialUpdate":false,"showSkybox":true,"showFlares":true,"showImageEffects":true,"showParticleSystems":true},"in2DMode":false,"pivot":{"x":1747.504638671875,"y":24.8878173828125,"z":0.454833984375},"rotation":{"x":-0.15091991424560548,"y":-0.0026941471733152868,"z":0.0004014133592136204,"w":-0.9885423183441162},"size":3992.254638671875,"orthographic":false}