{"cameraMode":{"drawMode":0,"name":"Shaded","section":"Shading Mode"},"sceneLighting":false,"audioPlay":false,"sceneViewState":{"showFog":true,"showMaterialUpdate":false,"showSkybox":true,"showFlares":true,"showImageEffects":true,"showParticleSystems":true},"in2DMode":false,"pivot":{"x":1369.1005859375,"y":1214.5543212890625,"z":-2064.136962890625},"rotation":{"x":0.14289900660514832,"y":-0.010391621850430966,"z":0.001500924350693822,"w":0.989681601524353},"size":19.161645889282228,"orthographic":false}