{"cameraMode":{"drawMode":0,"name":"Shaded","section":"Shading Mode"},"sceneLighting":true,"audioPlay":false,"sceneViewState":{"showFog":true,"showMaterialUpdate":false,"showSkybox":true,"showFlares":true,"showImageEffects":true,"showParticleSystems":true},"in2DMode":false,"pivot":{"x":-1.1920928955078126e-7,"y":-0.42441704869270327,"z":0.0},"rotation":{"x":-0.19243589043617249,"y":-0.34721794724464419,"z":0.07303277403116226,"w":-0.9149177074432373},"size":6.943353176116943,"orthographic":false}