{"cameraMode":{"drawMode":0,"name":"Shaded","section":"Shading Mode"},"sceneLighting":false,"audioPlay":false,"sceneViewState":{"showFog":true,"showMaterialUpdate":false,"showSkybox":true,"showFlares":true,"showImageEffects":true,"showParticleSystems":true},"in2DMode":false,"pivot":{"x":-2.669434070587158,"y":-1.223071813583374,"z":-1.8018779754638672},"rotation":{"x":0.023984422907233239,"y":-0.033882856369018558,"z":0.0008130677742883563,"w":0.9991376996040344},"size":13.199256896972657,"orthographic":false}